"time","count"
"2019-01-08T18:54:28.896Z","418953"
"2019-01-08T18:54:29.887Z","418953"
"2019-01-08T18:54:30.875Z","418953"
"2019-01-08T18:54:31.885Z","418953"
"2019-01-08T18:54:32.909Z","418953"
"2019-01-08T18:55:26.671Z","418976"
"2019-01-08T18:56:26.689Z","418991"
"2019-01-08T18:57:26.703Z","419011"
"2019-01-08T18:58:26.700Z","419039"
"2019-01-08T18:59:26.693Z","419059"
"2019-01-08T19:00:26.681Z","419070"
"2019-01-08T19:01:26.704Z","419084"
"2019-01-08T19:02:26.725Z","419101"
"2019-01-08T19:03:26.691Z","419124"
"2019-01-08T19:04:26.701Z","419135"
"2019-01-08T19:05:26.706Z","419153"
"2019-01-08T19:06:26.745Z","419174"
"2019-01-08T19:07:26.740Z","419190"
"2019-01-08T19:08:26.735Z","419212"
"2019-01-08T19:09:26.739Z","419234"
"2019-01-08T19:10:26.738Z","419250"
"2019-01-08T19:11:26.788Z","419275"
"2019-01-08T19:12:26.772Z","419298"
"2019-01-08T19:13:26.784Z","419322"
"2019-01-08T19:14:26.813Z","419351"
"2019-01-08T19:15:26.759Z","419364"
"2019-01-08T19:16:26.793Z","419387"
"2019-01-08T19:17:26.769Z","419404"
"2019-01-08T19:18:26.775Z","419420"
"2019-01-08T19:19:26.781Z","419437"
"2019-01-08T19:20:26.811Z","419453"
"2019-01-08T19:21:26.793Z","419466"
"2019-01-08T19:22:26.806Z","419486"
"2019-01-08T19:23:26.805Z","419486"
"2019-01-08T19:24:26.842Z","419486"
"2019-01-08T19:25:27.243Z","419486"
"2019-01-08T19:26:26.851Z","419553"
"2019-01-08T19:27:26.839Z","419576"
"2019-01-08T19:28:26.826Z","419593"
"2019-01-08T19:29:26.826Z","419615"
"2019-01-08T19:30:26.878Z","419629"
"2019-01-08T19:31:26.870Z","419650"
"2019-01-08T19:32:26.852Z","419669"
"2019-01-08T19:33:26.861Z","419683"
"2019-01-08T19:34:26.865Z","419708"
"2019-01-08T19:35:26.859Z","419725"
"2019-01-08T19:36:26.890Z","419743"
"2019-01-08T19:37:26.923Z","419762"
"2019-01-08T19:38:26.904Z","419774"
"2019-01-08T19:39:26.915Z","419786"
"2019-01-08T19:40:26.911Z","419809"
"2019-01-08T19:41:26.925Z","419828"
"2019-01-08T19:42:26.899Z","419850"
"2019-01-08T19:43:26.897Z","419863"
"2019-01-08T19:44:26.927Z","419885"
"2019-01-08T19:45:26.921Z","419900"
"2019-01-08T19:46:26.967Z","419915"
"2019-01-08T19:47:26.933Z","419944"
"2019-01-08T19:48:26.953Z","419970"
"2019-01-08T19:49:26.922Z","419990"
"2019-01-08T19:50:26.930Z","420010"
"2019-01-08T19:51:26.936Z","420033"
"2019-01-08T19:52:26.975Z","420051"
"2019-01-08T19:53:26.940Z","420072"
"2019-01-08T19:54:26.949Z","420092"
"2019-01-08T19:55:26.946Z","420109"
"2019-01-08T19:56:26.981Z","420125"
"2019-01-08T19:57:26.991Z","420143"
"2019-01-08T19:58:26.972Z","420163"
"2019-01-08T19:59:26.960Z","420184"
"2019-01-08T20:00:27.000Z","420209"
"2019-01-08T20:01:26.969Z","420224"
"2019-01-08T20:02:27.001Z","420243"
"2019-01-08T20:03:27.043Z","420259"
"2019-01-08T20:04:26.971Z","420273"
"2019-01-08T20:05:26.976Z","420288"
"2019-01-08T20:06:26.980Z","420305"
"2019-01-08T20:07:27.014Z","420321"
"2019-01-08T20:08:26.983Z","420335"
"2019-01-08T20:09:26.990Z","420353"
"2019-01-08T20:10:27.018Z","420368"
"2019-01-08T20:11:26.993Z","420381"
"2019-01-08T20:12:27.009Z","420402"
"2019-01-08T20:13:27.012Z","420422"
"2019-01-08T20:14:27.022Z","420433"
"2019-01-08T20:15:27.082Z","420466"
"2019-01-08T20:16:27.043Z","420484"
"2019-01-08T20:17:27.034Z","420503"
"2019-01-08T20:18:27.044Z","420518"
"2019-01-08T20:19:27.044Z","420535"
"2019-01-08T20:20:27.017Z","420558"
"2019-01-08T20:21:27.024Z","420568"
"2019-01-08T20:22:27.045Z","420587"
"2019-01-08T20:23:27.023Z","420611"
"2019-01-08T20:24:27.050Z","420633"
"2019-01-08T20:25:27.023Z","420657"
"2019-01-08T20:26:27.052Z","420677"
"2019-01-08T20:27:27.029Z","420696"
"2019-01-08T20:28:27.062Z","420722"
"2019-01-08T20:29:27.099Z","420740"
"2019-01-08T20:30:27.032Z","420764"
"2019-01-08T20:31:27.030Z","420778"
"2019-01-08T20:32:27.065Z","420798"
"2019-01-08T20:33:27.048Z","420811"
"2019-01-08T20:34:27.047Z","420833"
"2019-01-08T20:35:27.044Z","420858"
"2019-01-08T20:36:27.055Z","420873"
"2019-01-08T20:37:27.062Z","420887"
"2019-01-08T20:38:27.096Z","420904"
"2019-01-08T20:39:27.069Z","420928"
"2019-01-08T20:40:27.094Z","420952"
"2019-01-08T20:41:27.080Z","420974"
"2019-01-08T20:42:27.088Z","420995"
"2019-01-08T20:43:27.103Z","421012"
"2019-01-08T20:44:27.094Z","421022"
"2019-01-08T20:45:27.135Z","421037"
"2019-01-08T20:46:27.158Z","421058"
"2019-01-08T20:47:27.159Z","421077"
"2019-01-08T20:48:27.126Z","421093"
"2019-01-08T20:49:27.143Z","421105"
"2019-01-08T20:50:27.133Z","421130"
"2019-01-08T20:51:27.167Z","421147"
"2019-01-08T20:52:27.183Z","421172"
"2019-01-08T20:53:27.149Z","421193"
"2019-01-08T20:54:27.190Z","421219"
"2019-01-08T20:55:27.205Z","421239"
"2019-01-08T20:56:27.167Z","421263"
"2019-01-08T20:57:27.215Z","421284"
"2019-01-08T20:58:27.181Z","421306"
"2019-01-08T20:59:27.185Z","421325"
"2019-01-08T21:00:27.185Z","421350"
"2019-01-08T21:01:27.192Z","421369"
"2019-01-08T21:02:27.204Z","421384"
"2019-01-08T21:03:27.204Z","421423"
"2019-01-08T21:04:27.257Z","421450"
"2019-01-08T21:05:27.212Z","421477"
"2019-01-08T21:06:27.289Z","421499"
"2019-01-08T21:07:27.226Z","421527"
"2019-01-08T21:08:27.250Z","421564"
"2019-01-08T21:09:27.234Z","421587"
"2019-01-08T21:10:27.263Z","421618"
"2019-01-08T21:11:27.244Z","421645"
"2019-01-08T21:12:27.283Z","421669"
"2019-01-08T21:13:27.286Z","421696"
"2019-01-08T21:14:27.293Z","421727"
"2019-01-08T21:15:27.306Z","421755"
"2019-01-08T21:16:27.320Z","421781"
"2019-01-08T21:17:27.283Z","421811"
"2019-01-08T21:18:27.273Z","421835"
"2019-01-08T21:19:27.314Z","421856"
"2019-01-08T21:20:27.292Z","421884"
"2019-01-08T21:21:27.285Z","421913"
"2019-01-08T21:22:27.290Z","421946"
"2019-01-08T21:23:27.347Z","421972"
"2019-01-08T21:24:27.302Z","422005"
"2019-01-08T21:25:27.332Z","422033"
"2019-01-08T21:26:27.312Z","422064"
"2019-01-08T21:27:27.316Z","422088"
"2019-01-08T21:28:27.318Z","422114"
"2019-01-08T21:29:27.375Z","422136"
"2019-01-08T21:30:27.368Z","422161"
"2019-01-08T21:31:27.368Z","422185"
"2019-01-08T21:32:27.337Z","422203"
"2019-01-08T21:33:27.412Z","422229"
"2019-01-08T21:34:27.384Z","422257"
"2019-01-08T21:35:27.347Z","422274"
"2019-01-08T21:36:27.372Z","422299"
"2019-01-08T21:37:27.350Z","422323"
"2019-01-08T21:38:27.354Z","422355"
"2019-01-08T21:39:27.381Z","422379"
"2019-01-08T21:40:27.396Z","422407"
"2019-01-08T21:41:27.364Z","422429"
"2019-01-08T21:42:27.364Z","422450"
"2019-01-08T21:43:27.373Z","422470"
"2019-01-08T21:44:27.371Z","422495"
"2019-01-08T21:45:27.407Z","422521"
"2019-01-08T21:46:27.382Z","422547"
"2019-01-08T21:47:27.407Z","422580"
"2019-01-08T21:48:27.494Z","422602"
"2019-01-08T21:49:27.408Z","422628"
"2019-01-08T21:50:27.415Z","422655"
"2019-01-08T21:51:27.393Z","422682"
"2019-01-08T21:52:27.429Z","422710"
"2019-01-08T21:53:27.426Z","422733"
"2019-01-08T21:54:27.445Z","422754"
"2019-01-08T21:55:27.438Z","422781"
"2019-01-08T21:56:27.459Z","422799"
"2019-01-08T21:57:27.467Z","422816"
"2019-01-08T21:58:27.457Z","422841"
"2019-01-08T21:59:27.425Z","422868"
"2019-01-08T22:00:27.416Z","422891"
"2019-01-08T22:01:27.420Z","422920"
"2019-01-08T22:02:27.449Z","422941"
"2019-01-08T22:03:27.435Z","422961"
"2019-01-08T22:04:27.475Z","422984"
"2019-01-08T22:05:27.456Z","423001"
"2019-01-08T22:06:27.493Z","423020"
"2019-01-08T22:07:27.468Z","423040"
"2019-01-08T22:08:27.450Z","423057"
"2019-01-08T22:09:27.466Z","423076"
"2019-01-08T22:10:27.454Z","423101"
"2019-01-08T22:11:27.475Z","423124"
"2019-01-08T22:12:27.490Z","423147"
"2019-01-08T22:13:27.494Z","423169"
"2019-01-08T22:14:27.456Z","423191"
"2019-01-08T22:15:27.459Z","423213"
"2019-01-08T22:16:27.493Z","423239"
"2019-01-08T22:17:27.464Z","423263"
"2019-01-08T22:18:27.522Z","423286"
"2019-01-08T22:19:27.490Z","423311"
"2019-01-08T22:20:27.509Z","423338"
"2019-01-08T22:21:27.474Z","423365"
"2019-01-08T22:22:27.510Z","423385"
"2019-01-08T22:23:27.503Z","423408"
"2019-01-08T22:24:27.512Z","423433"
"2019-01-08T22:25:27.492Z","423446"
"2019-01-08T22:26:27.523Z","423474"
"2019-01-08T22:27:27.504Z","423493"
"2019-01-08T22:28:27.504Z","423512"
"2019-01-08T22:29:27.514Z","423527"
"2019-01-08T22:30:27.515Z","423543"
"2019-01-08T22:31:27.519Z","423560"
"2019-01-08T22:32:27.771Z","423574"
"2019-01-08T22:33:27.546Z","423597"
"2019-01-08T22:34:27.562Z","423613"
"2019-01-08T22:35:27.547Z","423633"
"2019-01-08T22:36:27.614Z","423651"
"2019-01-08T22:37:27.561Z","423673"
"2019-01-08T22:38:27.602Z","423694"
"2019-01-08T22:39:27.571Z","423728"
"2019-01-08T22:40:27.574Z","423752"
"2019-01-08T22:41:27.611Z","423767"
"2019-01-08T22:42:27.617Z","423790"
"2019-01-08T22:43:27.596Z","423790"
"2019-01-08T22:44:27.628Z","423790"
"2019-01-08T22:45:27.632Z","423790"
"2019-01-08T22:46:27.604Z","423886"
"2019-01-08T22:47:27.613Z","423906"
"2019-01-08T22:48:27.642Z","423933"
"2019-01-08T22:49:27.636Z","423958"
"2019-01-08T22:50:27.639Z","423981"
"2019-01-08T22:51:27.628Z","424003"
"2019-01-08T22:52:27.671Z","424026"
"2019-01-08T22:53:27.673Z","424046"
"2019-01-08T22:54:27.657Z","424066"
"2019-01-08T22:55:27.667Z","424090"
"2019-01-08T22:56:27.692Z","424130"
"2019-01-08T22:57:27.695Z","424157"
"2019-01-08T22:58:27.673Z","424169"
"2019-01-08T22:59:27.710Z","424193"
"2019-01-08T23:00:27.726Z","424193"
"2019-01-08T23:01:27.711Z","424193"
"2019-01-08T23:02:27.711Z","424193"
"2019-01-08T23:03:27.718Z","424277"
"2019-01-08T23:04:27.817Z","424294"
"2019-01-08T23:05:27.727Z","424320"
"2019-01-08T23:06:27.718Z","424337"
"2019-01-08T23:07:27.757Z","424337"
"2019-01-08T23:08:27.727Z","424337"
"2019-01-08T23:09:27.744Z","424337"
"2019-01-08T23:10:27.765Z","424427"
"2019-01-08T23:11:27.737Z","424444"
"2019-01-08T23:12:27.738Z","424463"
"2019-01-08T23:13:27.764Z","424463"
"2019-01-08T23:14:27.763Z","424463"
"2019-01-08T23:15:27.769Z","424463"
"2019-01-08T23:16:27.774Z","424527"
"2019-01-08T23:17:27.775Z","424545"
"2019-01-08T23:18:27.776Z","424562"
"2019-01-08T23:19:27.778Z","424582"
"2019-01-08T23:20:27.791Z","424602"
"2019-01-08T23:21:27.773Z","424621"
"2019-01-08T23:22:27.774Z","424643"
"2019-01-08T23:23:27.777Z","424660"
"2019-01-08T23:24:27.783Z","424683"
"2019-01-08T23:25:27.814Z","424697"
"2019-01-08T23:26:27.784Z","424712"
"2019-01-08T23:27:27.849Z","424728"
"2019-01-08T23:28:27.823Z","424738"
"2019-01-08T23:29:27.841Z","424752"
"2019-01-08T23:30:27.800Z","424766"
"2019-01-08T23:31:27.832Z","424781"
"2019-01-08T23:32:27.810Z","424794"
"2019-01-08T23:33:27.809Z","424808"
"2019-01-08T23:34:27.816Z","424818"
"2019-01-08T23:35:27.879Z","424834"
"2019-01-08T23:36:27.821Z","424850"
"2019-01-08T23:37:27.829Z","424863"
"2019-01-08T23:38:27.824Z","424875"
"2019-01-08T23:39:27.863Z","424888"
"2019-01-08T23:40:27.853Z","424898"
"2019-01-08T23:41:27.854Z","424915"
"2019-01-08T23:42:27.864Z","424932"
"2019-01-08T23:43:27.869Z","424953"
"2019-01-08T23:44:27.841Z","424961"
"2019-01-08T23:45:27.878Z","424982"
"2019-01-08T23:46:27.856Z","424999"
"2019-01-08T23:47:27.847Z","425020"
"2019-01-08T23:48:27.856Z","425037"
"2019-01-08T23:49:27.880Z","425050"
"2019-01-08T23:50:27.860Z","425063"
"2019-01-08T23:51:27.864Z","425080"
"2019-01-08T23:52:27.886Z","425095"
"2019-01-08T23:53:27.888Z","425107"
"2019-01-08T23:54:27.912Z","425121"
"2019-01-08T23:55:27.873Z","425129"
"2019-01-08T23:56:27.872Z","425143"
"2019-01-08T23:57:27.901Z","425161"
"2019-01-08T23:58:27.880Z","425173"
"2019-01-08T23:59:27.909Z","425182"
"2019-01-09T00:00:27.886Z","425202"
"2019-01-09T00:01:27.883Z","425219"
"2019-01-09T00:02:27.889Z","425234"
"2019-01-09T00:03:27.902Z","425240"
"2019-01-09T00:04:27.909Z","425244"
"2019-01-09T00:05:27.930Z","425252"
"2019-01-09T00:06:27.931Z","425266"
"2019-01-09T00:07:27.896Z","425282"
"2019-01-09T00:08:27.938Z","425295"
"2019-01-09T00:09:27.898Z","425310"
"2019-01-09T00:10:27.925Z","425329"
"2019-01-09T00:11:27.902Z","425342"
"2019-01-09T00:12:27.935Z","425353"
"2019-01-09T00:13:27.939Z","425360"
"2019-01-09T00:14:27.905Z","425370"
"2019-01-09T00:15:27.939Z","425383"
"2019-01-09T00:16:27.925Z","425393"
"2019-01-09T00:17:27.923Z","425406"
"2019-01-09T00:18:27.931Z","425416"
"2019-01-09T00:19:27.955Z","425427"
"2019-01-09T00:20:27.961Z","425440"
"2019-01-09T00:21:27.967Z","425451"
"2019-01-09T00:22:27.950Z","425461"
"2019-01-09T00:23:27.988Z","425474"
"2019-01-09T00:24:27.969Z","425482"
"2019-01-09T00:25:27.965Z","425495"
"2019-01-09T00:26:28.000Z","425505"
"2019-01-09T00:27:28.001Z","425516"
"2019-01-09T00:28:27.981Z","425524"
"2019-01-09T00:29:27.990Z","425537"
"2019-01-09T00:30:28.019Z","425546"
"2019-01-09T00:31:28.038Z","425554"
"2019-01-09T00:32:28.009Z","425563"
"2019-01-09T00:33:28.009Z","425576"
"2019-01-09T00:34:28.013Z","425582"
"2019-01-09T00:35:28.040Z","425588"
"2019-01-09T00:36:28.054Z","425594"
"2019-01-09T00:37:28.026Z","425608"
"2019-01-09T00:38:28.053Z","425615"
"2019-01-09T00:39:28.033Z","425628"
"2019-01-09T00:40:28.062Z","425639"
"2019-01-09T00:41:28.076Z","425644"
"2019-01-09T00:42:28.059Z","425651"
"2019-01-09T00:43:28.054Z","425662"
"2019-01-09T00:44:28.062Z","425667"
"2019-01-09T00:45:28.070Z","425680"
"2019-01-09T00:46:28.092Z","425685"
"2019-01-09T00:47:28.102Z","425690"
"2019-01-09T00:48:28.079Z","425700"
"2019-01-09T00:49:28.085Z","425707"
"2019-01-09T00:50:28.114Z","425717"
"2019-01-09T00:51:28.094Z","425731"
"2019-01-09T00:52:28.133Z","425743"
"2019-01-09T00:53:28.125Z","425750"
"2019-01-09T00:54:28.129Z","425759"
"2019-01-09T00:55:28.112Z","425764"
"2019-01-09T00:56:28.139Z","425769"
"2019-01-09T00:57:28.143Z","425778"
"2019-01-09T00:58:28.152Z","425787"
"2019-01-09T00:59:28.127Z","425796"
"2019-01-09T01:00:28.158Z","425807"
"2019-01-09T01:01:28.156Z","425812"
"2019-01-09T01:02:28.184Z","425820"
"2019-01-09T01:03:28.168Z","425826"
"2019-01-09T01:04:28.148Z","425833"
"2019-01-09T01:05:28.155Z","425839"
"2019-01-09T01:06:28.167Z","425846"
"2019-01-09T01:07:28.163Z","425853"
"2019-01-09T01:08:28.168Z","425863"
"2019-01-09T01:09:28.176Z","425874"
"2019-01-09T01:10:28.191Z","425882"
"2019-01-09T01:11:28.197Z","425887"
"2019-01-09T01:12:28.203Z","425891"
"2019-01-09T01:13:28.206Z","425894"
"2019-01-09T01:14:28.214Z","425902"
"2019-01-09T01:15:28.215Z","425908"
"2019-01-09T01:16:28.194Z","425914"
"2019-01-09T01:17:28.210Z","425922"
"2019-01-09T01:18:28.213Z","425929"
"2019-01-09T01:19:28.208Z","425934"
"2019-01-09T01:20:28.208Z","425940"
"2019-01-09T01:21:28.213Z","425947"
"2019-01-09T01:22:28.218Z","425957"
"2019-01-09T01:23:28.224Z","425967"
"2019-01-09T01:24:28.223Z","425971"
"2019-01-09T01:25:28.258Z","425977"
"2019-01-09T01:26:28.256Z","425982"
"2019-01-09T01:27:28.233Z","425989"
"2019-01-09T01:28:28.263Z","425998"
"2019-01-09T01:29:28.273Z","426006"
"2019-01-09T01:30:28.249Z","426012"
"2019-01-09T01:31:28.248Z","426017"
"2019-01-09T01:32:28.263Z","426019"
"2019-01-09T01:33:28.254Z","426029"
"2019-01-09T01:34:28.283Z","426033"
"2019-01-09T01:35:28.288Z","426043"
"2019-01-09T01:36:28.290Z","426046"
"2019-01-09T01:37:28.268Z","426048"
"2019-01-09T01:38:28.268Z","426055"
"2019-01-09T01:39:28.271Z","426062"
"2019-01-09T01:40:28.272Z","426069"
"2019-01-09T01:41:28.276Z","426073"
"2019-01-09T01:42:28.302Z","426079"
"2019-01-09T01:43:28.288Z","426084"
"2019-01-09T01:44:28.288Z","426087"
"2019-01-09T01:45:28.286Z","426092"
"2019-01-09T01:46:28.319Z","426099"
"2019-01-09T01:47:28.327Z","426103"
"2019-01-09T01:48:28.327Z","426105"
"2019-01-09T01:49:28.320Z","426108"
"2019-01-09T01:50:28.299Z","426110"
"2019-01-09T01:51:28.301Z","426115"
"2019-01-09T01:52:28.330Z","426122"
"2019-01-09T01:53:28.359Z","426124"
"2019-01-09T01:54:28.329Z","426129"
"2019-01-09T01:55:28.311Z","426132"
"2019-01-09T01:56:28.314Z","426140"
"2019-01-09T01:57:28.335Z","426144"
"2019-01-09T01:58:28.345Z","426150"
"2019-01-09T01:59:28.342Z","426152"
"2019-01-09T02:00:28.345Z","426153"
"2019-01-09T02:01:28.358Z","426156"
"2019-01-09T02:02:28.330Z","426163"
"2019-01-09T02:03:28.355Z","426168"
"2019-01-09T02:04:28.355Z","426170"
"2019-01-09T02:05:28.355Z","426174"
"2019-01-09T02:06:28.349Z","426178"
"2019-01-09T02:07:28.331Z","426183"
"2019-01-09T02:08:28.352Z","426187"
"2019-01-09T02:09:28.340Z","426193"
"2019-01-09T02:10:28.361Z","426193"
"2019-01-09T02:11:28.364Z","426199"
"2019-01-09T02:12:28.367Z","426202"
"2019-01-09T02:13:28.353Z","426204"
"2019-01-09T02:14:28.355Z","426208"
"2019-01-09T02:15:28.382Z","426213"
"2019-01-09T02:16:28.396Z","426219"
"2019-01-09T02:17:28.379Z","426222"
"2019-01-09T02:18:28.402Z","426227"
"2019-01-09T02:19:28.389Z","426231"
"2019-01-09T02:20:28.419Z","426234"
"2019-01-09T02:21:28.392Z","426238"
"2019-01-09T02:22:28.400Z","426241"
"2019-01-09T02:23:28.409Z","426247"
"2019-01-09T02:24:28.415Z","426250"
"2019-01-09T02:25:28.419Z","426253"
"2019-01-09T02:26:28.453Z","426256"
"2019-01-09T02:27:28.453Z","426258"
"2019-01-09T02:28:28.437Z","426262"
"2019-01-09T02:29:28.442Z","426266"
"2019-01-09T02:30:28.467Z","426266"
"2019-01-09T02:31:28.451Z","426268"
"2019-01-09T02:32:28.459Z","426272"
"2019-01-09T02:33:28.463Z","426274"
"2019-01-09T02:34:28.471Z","426276"
"2019-01-09T02:35:28.496Z","426279"
"2019-01-09T02:36:28.477Z","426281"
"2019-01-09T02:37:28.509Z","426281"
"2019-01-09T02:38:28.514Z","426283"
"2019-01-09T02:39:28.497Z","426286"
"2019-01-09T02:40:28.529Z","426289"
"2019-01-09T02:41:28.531Z","426291"
"2019-01-09T02:42:28.537Z","426295"
"2019-01-09T02:43:28.515Z","426297"
"2019-01-09T02:44:28.549Z","426299"
"2019-01-09T02:45:28.547Z","426303"
"2019-01-09T02:46:28.561Z","426306"
"2019-01-09T02:47:28.565Z","426311"
"2019-01-09T02:48:28.537Z","426313"
"2019-01-09T02:49:28.581Z","426314"
"2019-01-09T02:50:28.578Z","426317"
"2019-01-09T02:51:28.581Z","426319"
"2019-01-09T02:52:28.569Z","426324"
"2019-01-09T02:53:28.583Z","426327"
"2019-01-09T02:54:28.594Z","426330"
"2019-01-09T02:55:28.594Z","426335"
"2019-01-09T02:56:28.578Z","426336"
"2019-01-09T02:57:28.607Z","426342"
"2019-01-09T02:58:28.606Z","426345"
"2019-01-09T02:59:28.618Z","426347"
"2019-01-09T03:00:28.622Z","426349"
"2019-01-09T03:01:28.595Z","426353"
"2019-01-09T03:02:28.629Z","426353"
"2019-01-09T03:03:28.628Z","426355"
"2019-01-09T03:04:28.634Z","426356"
"2019-01-09T03:05:28.637Z","426359"
"2019-01-09T03:06:28.645Z","426359"
"2019-01-09T03:07:28.621Z","426363"
"2019-01-09T03:08:28.652Z","426365"
"2019-01-09T03:09:28.629Z","426367"
"2019-01-09T03:10:28.661Z","426369"
"2019-01-09T03:11:28.662Z","426370"
"2019-01-09T03:12:28.638Z","426371"
"2019-01-09T03:13:28.666Z","426373"
"2019-01-09T03:14:28.683Z","426377"
"2019-01-09T03:15:28.678Z","426378"
"2019-01-09T03:16:28.679Z","426380"
"2019-01-09T03:17:28.684Z","426381"
"2019-01-09T03:18:28.682Z","426383"
"2019-01-09T03:19:28.663Z","426387"
"2019-01-09T03:20:28.698Z","426390"
"2019-01-09T03:21:28.692Z","426393"
"2019-01-09T03:22:28.694Z","426393"
"2019-01-09T03:23:28.677Z","426396"
"2019-01-09T03:24:28.706Z","426398"
"2019-01-09T03:25:28.703Z","426403"
"2019-01-09T03:26:28.713Z","426407"
"2019-01-09T03:27:28.687Z","426409"
"2019-01-09T03:28:28.691Z","426412"
"2019-01-09T03:29:28.717Z","426414"
"2019-01-09T03:30:28.730Z","426414"
"2019-01-09T03:31:28.732Z","426416"
"2019-01-09T03:32:28.731Z","426419"
"2019-01-09T03:33:28.751Z","426421"
"2019-01-09T03:34:28.735Z","426423"
"2019-01-09T03:35:28.746Z","426423"
"2019-01-09T03:36:28.716Z","426424"
"2019-01-09T03:37:28.718Z","426425"
"2019-01-09T03:38:28.751Z","426427"
"2019-01-09T03:39:28.723Z","426428"
"2019-01-09T03:40:28.744Z","426429"
"2019-01-09T03:41:28.753Z","426430"
"2019-01-09T03:42:28.754Z","426430"
"2019-01-09T03:43:28.763Z","426430"
"2019-01-09T03:44:28.733Z","426431"
"2019-01-09T03:45:28.752Z","426433"
"2019-01-09T03:46:28.764Z","426435"
"2019-01-09T03:47:28.773Z","426436"
"2019-01-09T03:48:32.292Z","426437"
"2019-01-09T03:49:28.766Z","426441"
"2019-01-09T03:50:28.774Z","426443"
"2019-01-09T03:51:28.751Z","426443"
"2019-01-09T03:52:28.771Z","426444"
"2019-01-09T03:53:28.753Z","426447"
"2019-01-09T03:54:28.778Z","426450"
"2019-01-09T03:55:28.775Z","426451"
"2019-01-09T03:56:28.785Z","426454"
"2019-01-09T03:57:28.780Z","426455"
"2019-01-09T03:58:28.763Z","426456"
"2019-01-09T03:59:28.790Z","426457"
"2019-01-09T04:00:28.786Z","426459"
"2019-01-09T04:01:28.789Z","426460"
"2019-01-09T04:02:28.770Z","426463"
"2019-01-09T04:03:28.792Z","426465"
"2019-01-09T04:04:28.797Z","426467"
"2019-01-09T04:05:28.797Z","426468"
"2019-01-09T04:06:28.807Z","426469"
"2019-01-09T04:07:28.819Z","426470"
"2019-01-09T04:08:28.797Z","426473"
"2019-01-09T04:09:28.802Z","426473"
"2019-01-09T04:10:28.837Z","426473"
"2019-01-09T04:11:28.835Z","426476"
"2019-01-09T04:12:28.821Z","426478"
"2019-01-09T04:13:28.850Z","426478"
"2019-01-09T04:14:28.859Z","426480"
"2019-01-09T04:15:28.865Z","426482"
"2019-01-09T04:16:28.861Z","426483"
"2019-01-09T04:17:28.890Z","426483"
"2019-01-09T04:18:28.877Z","426484"
"2019-01-09T04:19:28.875Z","426485"
"2019-01-09T04:20:28.884Z","426486"
"2019-01-09T04:21:28.891Z","426487"
"2019-01-09T04:22:28.912Z","426492"
"2019-01-09T04:23:28.947Z","426493"
"2019-01-09T04:24:28.918Z","426493"
"2019-01-09T04:25:28.896Z","426493"
"2019-01-09T04:26:28.927Z","426493"
"2019-01-09T04:27:28.932Z","426495"
"2019-01-09T04:28:28.933Z","426496"
"2019-01-09T04:29:28.948Z","426496"
"2019-01-09T04:30:28.948Z","426497"
"2019-01-09T04:31:28.949Z","426499"
"2019-01-09T04:32:28.962Z","426499"
"2019-01-09T04:33:28.965Z","426500"
"2019-01-09T04:34:28.942Z","426503"
"2019-01-09T04:35:28.965Z","426505"
"2019-01-09T04:36:28.974Z","426506"
"2019-01-09T04:37:28.952Z","426508"
"2019-01-09T04:38:28.986Z","426509"
"2019-01-09T04:39:28.960Z","426510"
"2019-01-09T04:40:28.995Z","426512"
"2019-01-09T04:41:28.971Z","426513"
"2019-01-09T04:42:28.993Z","426514"
"2019-01-09T04:43:28.984Z","426514"
"2019-01-09T04:44:29.008Z","426514"
"2019-01-09T04:45:29.033Z","426516"
"2019-01-09T04:46:28.989Z","426517"
"2019-01-09T04:47:28.997Z","426518"
"2019-01-09T04:48:29.029Z","426518"
"2019-01-09T04:49:29.010Z","426519"
"2019-01-09T04:50:29.016Z","426520"
"2019-01-09T04:51:29.046Z","426522"
"2019-01-09T04:52:29.043Z","426522"
"2019-01-09T04:53:29.049Z","426523"
"2019-01-09T04:54:29.034Z","426523"
"2019-01-09T04:55:29.056Z","426523"
"2019-01-09T04:56:29.061Z","426523"
"2019-01-09T04:57:29.064Z","426525"
"2019-01-09T04:58:29.046Z","426526"
"2019-01-09T04:59:29.076Z","426526"
"2019-01-09T05:00:29.078Z","426527"
"2019-01-09T05:01:29.060Z","426529"
"2019-01-09T05:02:29.068Z","426530"
"2019-01-09T05:03:29.117Z","426530"
"2019-01-09T05:04:29.091Z","426533"
"2019-01-09T05:05:29.094Z","426534"
"2019-01-09T05:06:29.110Z","426534"
"2019-01-09T05:07:29.077Z","426534"
"2019-01-09T05:08:29.111Z","426538"
"2019-01-09T05:09:29.083Z","426539"
"2019-01-09T05:10:29.092Z","426539"
"2019-01-09T05:11:29.101Z","426541"
"2019-01-09T05:12:29.119Z","426542"
"2019-01-09T05:13:29.099Z","426543"
"2019-01-09T05:14:29.128Z","426545"
"2019-01-09T05:15:29.134Z","426546"
"2019-01-09T05:16:29.107Z","426546"
"2019-01-09T05:17:29.132Z","426551"
"2019-01-09T05:18:29.138Z","426552"
"2019-01-09T05:19:29.155Z","426554"
"2019-01-09T05:20:29.124Z","426555"
"2019-01-09T05:21:29.121Z","426556"
"2019-01-09T05:22:29.124Z","426557"
"2019-01-09T05:23:29.148Z","426558"
"2019-01-09T05:24:29.187Z","426562"
"2019-01-09T05:25:29.153Z","426565"
"2019-01-09T05:26:29.131Z","426566"
"2019-01-09T05:27:29.164Z","426566"
"2019-01-09T05:28:29.139Z","426566"
"2019-01-09T05:29:29.169Z","426566"
"2019-01-09T05:30:29.169Z","426567"
"2019-01-09T05:31:29.147Z","426567"
"2019-01-09T05:32:29.149Z","426567"
"2019-01-09T05:33:29.150Z","426568"
"2019-01-09T05:34:29.156Z","426569"
"2019-01-09T05:35:29.154Z","426569"
"2019-01-09T05:36:29.159Z","426570"
"2019-01-09T05:37:29.186Z","426571"
"2019-01-09T05:38:29.181Z","426571"
"2019-01-09T05:39:29.165Z","426572"
"2019-01-09T05:40:29.185Z","426573"
"2019-01-09T05:41:29.169Z","426573"
"2019-01-09T05:42:29.169Z","426573"
"2019-01-09T05:43:29.171Z","426574"
"2019-01-09T05:44:29.173Z","426574"
"2019-01-09T05:45:29.204Z","426576"
"2019-01-09T05:46:29.207Z","426577"
"2019-01-09T05:47:29.181Z","426580"
"2019-01-09T05:48:29.201Z","426583"
"2019-01-09T05:49:29.206Z","426584"
"2019-01-09T05:50:29.212Z","426587"
"2019-01-09T05:51:29.187Z","426589"
"2019-01-09T05:52:29.212Z","426590"
"2019-01-09T05:53:29.217Z","426591"
"2019-01-09T05:54:29.191Z","426592"
"2019-01-09T05:55:29.227Z","426593"
"2019-01-09T05:56:29.197Z","426597"
"2019-01-09T05:57:29.223Z","426599"
"2019-01-09T05:58:29.200Z","426601"
"2019-01-09T05:59:29.204Z","426601"
"2019-01-09T06:00:29.213Z","426601"
"2019-01-09T06:01:29.214Z","426601"
"2019-01-09T06:02:29.218Z","426601"
"2019-01-09T06:03:29.257Z","426603"
"2019-01-09T06:04:29.263Z","426604"
"2019-01-09T06:05:29.265Z","426605"
"2019-01-09T06:06:29.275Z","426608"
"2019-01-09T06:07:29.278Z","426608"
"2019-01-09T06:08:29.259Z","426613"
"2019-01-09T06:09:29.286Z","426614"
"2019-01-09T06:10:29.290Z","426616"
"2019-01-09T06:11:29.306Z","426618"
"2019-01-09T06:12:29.301Z","426619"
"2019-01-09T06:13:29.284Z","426620"
"2019-01-09T06:14:29.309Z","426623"
"2019-01-09T06:15:29.319Z","426627"
"2019-01-09T06:16:29.304Z","426628"
"2019-01-09T06:17:29.313Z","426632"
"2019-01-09T06:18:29.343Z","426632"
"2019-01-09T06:19:29.333Z","426635"
"2019-01-09T06:20:29.352Z","426638"
"2019-01-09T06:21:29.330Z","426639"
"2019-01-09T06:22:29.360Z","426642"
"2019-01-09T06:23:29.360Z","426642"
"2019-01-09T06:24:29.346Z","426648"
"2019-01-09T06:25:29.378Z","426650"
"2019-01-09T06:26:29.386Z","426652"
"2019-01-09T06:27:29.393Z","426653"
"2019-01-09T06:28:29.395Z","426655"
"2019-01-09T06:29:29.398Z","426656"
"2019-01-09T06:30:29.400Z","426658"
"2019-01-09T06:31:29.407Z","426658"
"2019-01-09T06:32:29.412Z","426661"
"2019-01-09T06:33:29.416Z","426663"
"2019-01-09T06:34:29.415Z","426665"
"2019-01-09T06:35:29.398Z","426668"
"2019-01-09T06:36:29.402Z","426671"
"2019-01-09T06:37:29.433Z","426673"
"2019-01-09T06:38:29.440Z","426673"
"2019-01-09T06:39:29.451Z","426675"
"2019-01-09T06:40:29.445Z","426675"
"2019-01-09T06:41:29.447Z","426676"
"2019-01-09T06:42:29.432Z","426678"
"2019-01-09T06:43:29.467Z","426678"
"2019-01-09T06:44:29.439Z","426680"
"2019-01-09T06:45:29.462Z","426682"
"2019-01-09T06:46:29.473Z","426684"
"2019-01-09T06:47:29.481Z","426687"
"2019-01-09T06:48:29.458Z","426688"
"2019-01-09T06:49:29.464Z","426690"
"2019-01-09T06:50:29.466Z","426692"
"2019-01-09T06:51:29.493Z","426693"
"2019-01-09T06:52:29.502Z","426695"
"2019-01-09T06:53:29.478Z","426697"
"2019-01-09T06:54:29.485Z","426697"
"2019-01-09T06:55:29.515Z","426700"
"2019-01-09T06:56:29.518Z","426705"
"2019-01-09T06:57:29.517Z","426706"
"2019-01-09T06:58:29.522Z","426710"
"2019-01-09T06:59:29.505Z","426714"
"2019-01-09T07:00:29.545Z","426719"
"2019-01-09T07:01:29.514Z","426726"
"2019-01-09T07:02:29.536Z","426727"
"2019-01-09T07:03:29.534Z","426733"
"2019-01-09T07:04:29.544Z","426736"
"2019-01-09T07:05:29.522Z","426743"
"2019-01-09T07:06:29.545Z","426745"
"2019-01-09T07:07:29.553Z","426747"
"2019-01-09T07:08:29.529Z","426749"
"2019-01-09T07:09:29.535Z","426751"
"2019-01-09T07:10:29.557Z","426755"
"2019-01-09T07:11:29.567Z","426758"
"2019-01-09T07:12:29.544Z","426763"
"2019-01-09T07:13:29.563Z","426767"
"2019-01-09T07:14:29.551Z","426767"
"2019-01-09T07:15:29.571Z","426770"
"2019-01-09T07:16:29.556Z","426772"
"2019-01-09T07:17:29.563Z","426775"
"2019-01-09T07:18:29.587Z","426779"
"2019-01-09T07:19:29.587Z","426783"
"2019-01-09T07:20:29.590Z","426786"
"2019-01-09T07:21:29.573Z","426791"
"2019-01-09T07:22:29.598Z","426795"
"2019-01-09T07:23:29.602Z","426798"
"2019-01-09T07:24:29.601Z","426802"
"2019-01-09T07:25:29.608Z","426802"
"2019-01-09T07:26:29.602Z","426807"
"2019-01-09T07:27:29.608Z","426810"
"2019-01-09T07:28:29.588Z","426812"
"2019-01-09T07:29:29.611Z","426813"
"2019-01-09T07:30:29.625Z","426818"
"2019-01-09T07:31:29.622Z","426822"
"2019-01-09T07:32:29.615Z","426827"
"2019-01-09T07:33:29.617Z","426834"
"2019-01-09T07:34:29.596Z","426837"
"2019-01-09T07:35:29.625Z","426840"
"2019-01-09T07:36:29.602Z","426843"
"2019-01-09T07:37:29.634Z","426848"
"2019-01-09T07:38:29.611Z","426853"
"2019-01-09T07:39:29.608Z","426858"
"2019-01-09T07:40:29.612Z","426862"
"2019-01-09T07:41:29.633Z","426864"
"2019-01-09T07:42:29.619Z","426866"
"2019-01-09T07:43:29.615Z","426870"
"2019-01-09T07:44:29.646Z","426878"
"2019-01-09T07:45:29.643Z","426881"
"2019-01-09T07:46:29.649Z","426887"
"2019-01-09T07:47:29.654Z","426890"
"2019-01-09T07:48:29.651Z","426892"
"2019-01-09T07:49:29.648Z","426896"
"2019-01-09T07:50:29.657Z","426898"
"2019-01-09T07:51:29.658Z","426903"
"2019-01-09T07:52:29.660Z","426908"
"2019-01-09T07:53:29.665Z","426911"
"2019-01-09T07:54:29.656Z","426917"
"2019-01-09T07:55:29.639Z","426922"
"2019-01-09T07:56:29.648Z","426924"
"2019-01-09T07:57:29.679Z","426931"
"2019-01-09T07:58:29.678Z","426934"
"2019-01-09T07:59:29.676Z","426936"
"2019-01-09T08:00:29.671Z","426944"
"2019-01-09T08:01:29.704Z","426948"
"2019-01-09T08:02:29.714Z","426948"
"2019-01-09T08:03:29.716Z","426955"
"2019-01-09T08:04:29.696Z","426964"
"2019-01-09T08:05:29.698Z","426967"
"2019-01-09T08:06:29.704Z","426975"
"2019-01-09T08:07:29.736Z","426986"
"2019-01-09T08:08:29.742Z","426990"
"2019-01-09T08:09:29.720Z","426995"
"2019-01-09T08:10:29.758Z","427004"
"2019-01-09T08:11:29.761Z","427011"
"2019-01-09T08:12:29.740Z","427014"
"2019-01-09T08:13:29.744Z","427019"
"2019-01-09T08:14:29.767Z","427020"
"2019-01-09T08:15:29.776Z","427031"
"2019-01-09T08:16:29.756Z","427040"
"2019-01-09T08:17:29.763Z","427044"
"2019-01-09T08:18:29.801Z","427049"
"2019-01-09T08:19:29.804Z","427056"
"2019-01-09T08:20:29.804Z","427063"
"2019-01-09T08:21:29.812Z","427069"
"2019-01-09T08:22:29.817Z","427073"
"2019-01-09T08:23:29.797Z","427079"
"2019-01-09T08:24:29.799Z","427087"
"2019-01-09T08:25:29.829Z","427096"
"2019-01-09T08:26:29.839Z","427109"
"2019-01-09T08:27:29.816Z","427117"
"2019-01-09T08:28:29.823Z","427125"
"2019-01-09T08:29:29.856Z","427134"
"2019-01-09T08:30:29.851Z","427137"
"2019-01-09T08:31:29.842Z","427147"
"2019-01-09T08:32:29.844Z","427153"
"2019-01-09T08:33:29.889Z","427158"
"2019-01-09T08:34:29.887Z","427162"
"2019-01-09T08:35:29.862Z","427170"
"2019-01-09T08:36:29.869Z","427180"
"2019-01-09T08:37:29.899Z","427184"
"2019-01-09T08:38:29.896Z","427190"
"2019-01-09T08:39:29.877Z","427203"
"2019-01-09T08:40:29.928Z","427218"
"2019-01-09T08:41:29.910Z","427223"
"2019-01-09T08:42:29.909Z","427231"
"2019-01-09T08:43:29.896Z","427242"
"2019-01-09T08:44:29.927Z","427253"
"2019-01-09T08:45:29.953Z","427266"
"2019-01-09T08:46:29.933Z","427271"
"2019-01-09T08:47:29.945Z","427277"
"2019-01-09T08:48:29.941Z","427291"
"2019-01-09T08:49:29.925Z","427299"
"2019-01-09T08:50:29.951Z","427307"
"2019-01-09T08:51:29.954Z","427312"
"2019-01-09T08:52:29.954Z","427316"
"2019-01-09T08:53:29.943Z","427324"
"2019-01-09T08:54:29.941Z","427333"
"2019-01-09T08:55:29.940Z","427344"
"2019-01-09T08:56:29.975Z","427355"
"2019-01-09T08:57:29.974Z","427360"
"2019-01-09T08:58:29.984Z","427369"
"2019-01-09T08:59:29.969Z","427373"
"2019-01-09T09:00:29.960Z","427382"
"2019-01-09T09:01:29.963Z","427388"
"2019-01-09T09:02:29.989Z","427397"
"2019-01-09T09:03:29.973Z","427406"
"2019-01-09T09:04:29.971Z","427414"
"2019-01-09T09:05:29.998Z","427423"
"2019-01-09T09:06:29.978Z","427434"
"2019-01-09T09:07:30.006Z","427441"
"2019-01-09T09:08:30.003Z","427454"
"2019-01-09T09:09:30.014Z","427465"
"2019-01-09T09:10:30.010Z","427476"
"2019-01-09T09:11:29.991Z","427483"
"2019-01-09T09:12:29.994Z","427490"
"2019-01-09T09:13:30.050Z","427498"
"2019-01-09T09:14:30.020Z","427511"
"2019-01-09T09:15:30.038Z","427517"
"2019-01-09T09:16:30.007Z","427523"
"2019-01-09T09:17:30.034Z","427533"
"2019-01-09T09:18:30.041Z","427541"
"2019-01-09T09:19:30.016Z","427547"
"2019-01-09T09:20:30.041Z","427559"
"2019-01-09T09:21:30.016Z","427575"
"2019-01-09T09:22:30.019Z","427582"
"2019-01-09T09:23:30.026Z","427587"
"2019-01-09T09:24:30.026Z","427593"
"2019-01-09T09:25:30.053Z","427605"
"2019-01-09T09:26:30.094Z","427614"
"2019-01-09T09:27:30.060Z","427619"
"2019-01-09T09:28:30.038Z","427633"
"2019-01-09T09:29:30.042Z","427651"
"2019-01-09T09:30:30.059Z","427663"
"2019-01-09T09:31:30.044Z","427673"
"2019-01-09T09:32:30.068Z","427686"
"2019-01-09T09:33:30.048Z","427693"
"2019-01-09T09:34:30.047Z","427708"
"2019-01-09T09:35:30.080Z","427716"
"2019-01-09T09:36:30.056Z","427726"
"2019-01-09T09:37:30.074Z","427735"
"2019-01-09T09:38:30.079Z","427745"
"2019-01-09T09:39:30.058Z","427756"
"2019-01-09T09:40:30.058Z","427772"
"2019-01-09T09:41:30.084Z","427782"
"2019-01-09T09:42:30.080Z","427794"
"2019-01-09T09:43:30.121Z","427807"
"2019-01-09T09:44:30.063Z","427820"
"2019-01-09T09:45:30.106Z","427826"
"2019-01-09T09:46:30.075Z","427836"
"2019-01-09T09:47:30.088Z","427841"
"2019-01-09T09:48:30.074Z","427850"
"2019-01-09T09:49:30.108Z","427865"
"2019-01-09T09:50:30.087Z","427874"
"2019-01-09T09:51:30.117Z","427885"
"2019-01-09T09:52:30.118Z","427889"
"2019-01-09T09:53:30.101Z","427899"
"2019-01-09T09:54:30.103Z","427908"
"2019-01-09T09:55:30.115Z","427918"
"2019-01-09T09:56:30.252Z","427926"
"2019-01-09T09:57:30.151Z","427937"
"2019-01-09T09:58:30.132Z","427951"
"2019-01-09T09:59:30.134Z","427965"
"2019-01-09T10:00:30.166Z","427970"
"2019-01-09T10:01:30.149Z","427983"
"2019-01-09T10:02:30.150Z","427989"
"2019-01-09T10:03:30.188Z","427997"
"2019-01-09T10:04:30.162Z","428004"
"2019-01-09T10:05:30.171Z","428013"
"2019-01-09T10:06:30.199Z","428027"
"2019-01-09T10:07:30.205Z","428036"
"2019-01-09T10:08:30.183Z","428053"
"2019-01-09T10:09:30.194Z","428066"
"2019-01-09T10:10:30.192Z","428077"
"2019-01-09T10:11:30.241Z","428090"
"2019-01-09T10:12:30.204Z","428103"
"2019-01-09T10:13:30.203Z","428110"
"2019-01-09T10:14:30.210Z","428120"
"2019-01-09T10:15:30.218Z","428131"
"2019-01-09T10:16:30.222Z","428139"
"2019-01-09T10:17:30.228Z","428148"
"2019-01-09T10:18:30.260Z","428166"
"2019-01-09T10:19:30.237Z","428174"
"2019-01-09T10:20:30.276Z","428187"
"2019-01-09T10:21:30.251Z","428195"
"2019-01-09T10:22:30.252Z","428209"
"2019-01-09T10:23:30.282Z","428223"
"2019-01-09T10:24:30.262Z","428231"
"2019-01-09T10:25:30.294Z","428247"
"2019-01-09T10:26:30.295Z","428256"
"2019-01-09T10:27:30.302Z","428264"
"2019-01-09T10:28:30.294Z","428273"
"2019-01-09T10:29:30.313Z","428285"
"2019-01-09T10:30:30.323Z","428296"
"2019-01-09T10:31:30.336Z","428306"
"2019-01-09T10:32:30.328Z","428316"
"2019-01-09T10:33:30.334Z","428328"
"2019-01-09T10:34:30.309Z","428342"
"2019-01-09T10:35:30.337Z","428346"
"2019-01-09T10:36:30.343Z","428359"
"2019-01-09T10:37:30.390Z","428372"
"2019-01-09T10:38:30.357Z","428382"
"2019-01-09T10:39:30.354Z","428391"
"2019-01-09T10:40:30.334Z","428403"
"2019-01-09T10:41:30.366Z","428418"
"2019-01-09T10:42:30.345Z","428429"
"2019-01-09T10:43:30.342Z","428443"
"2019-01-09T10:44:30.375Z","428457"
"2019-01-09T10:45:30.354Z","428466"
"2019-01-09T10:46:30.361Z","428480"
"2019-01-09T10:47:30.396Z","428496"
"2019-01-09T10:48:30.397Z","428515"
"2019-01-09T10:49:30.394Z","428528"
"2019-01-09T10:50:30.396Z","428537"
"2019-01-09T10:51:30.401Z","428554"
"2019-01-09T10:52:30.407Z","428570"
"2019-01-09T10:53:30.384Z","428582"
"2019-01-09T10:54:30.399Z","428594"
"2019-01-09T10:55:30.391Z","428612"
"2019-01-09T10:56:30.412Z","428623"
"2019-01-09T10:57:30.398Z","428635"
"2019-01-09T10:58:30.398Z","428642"
"2019-01-09T10:59:30.424Z","428650"
"2019-01-09T11:00:30.410Z","428659"
"2019-01-09T11:01:30.410Z","428675"
"2019-01-09T11:02:30.436Z","428689"
"2019-01-09T11:03:30.411Z","428700"
"2019-01-09T11:04:30.420Z","428716"
"2019-01-09T11:05:30.436Z","428724"
"2019-01-09T11:06:30.448Z","428741"
"2019-01-09T11:07:30.452Z","428758"
"2019-01-09T11:08:30.449Z","428771"
"2019-01-09T11:09:30.452Z","428780"
"2019-01-09T11:10:30.434Z","428796"
"2019-01-09T11:11:30.463Z","428808"
"2019-01-09T11:12:30.456Z","428826"
"2019-01-09T11:13:30.445Z","428839"
"2019-01-09T11:14:30.464Z","428847"
"2019-01-09T11:15:30.472Z","428861"
"2019-01-09T11:16:30.448Z","428877"
"2019-01-09T11:17:30.449Z","428887"
"2019-01-09T11:18:30.455Z","428898"
"2019-01-09T11:19:30.456Z","428910"
"2019-01-09T11:20:30.495Z","428919"
"2019-01-09T11:21:30.466Z","428933"
"2019-01-09T11:22:30.470Z","428943"
"2019-01-09T11:23:30.502Z","428957"
"2019-01-09T11:24:30.485Z","428974"
"2019-01-09T11:25:30.471Z","428986"
"2019-01-09T11:26:30.510Z","428994"
"2019-01-09T11:27:30.478Z","429002"
"2019-01-09T11:28:30.481Z","429012"
"2019-01-09T11:29:30.489Z","429032"
"2019-01-09T11:30:30.489Z","429046"
"2019-01-09T11:31:30.516Z","429066"
"2019-01-09T11:32:30.488Z","429079"
"2019-01-09T11:33:30.520Z","429098"
"2019-01-09T11:34:30.487Z","429114"
"2019-01-09T11:35:30.493Z","429132"
"2019-01-09T11:36:30.512Z","429150"
"2019-01-09T11:37:30.515Z","429164"
"2019-01-09T11:38:30.493Z","429179"
"2019-01-09T11:39:30.531Z","429188"
"2019-01-09T11:40:30.510Z","429191"
"2019-01-09T11:41:30.527Z","429200"
"2019-01-09T11:42:30.522Z","429212"
"2019-01-09T11:43:30.526Z","429225"
"2019-01-09T11:44:30.531Z","429240"
"2019-01-09T11:45:30.582Z","429257"
"2019-01-09T11:46:30.572Z","429277"
"2019-01-09T11:47:30.587Z","429290"
"2019-01-09T11:48:30.576Z","429309"
"2019-01-09T11:49:30.561Z","429319"
"2019-01-09T11:50:30.592Z","429332"
"2019-01-09T11:51:30.572Z","429352"
"2019-01-09T11:52:30.588Z","429375"
"2019-01-09T11:53:30.606Z","429387"
"2019-01-09T11:54:30.589Z","429396"
"2019-01-09T11:55:30.594Z","429414"
"2019-01-09T11:56:30.600Z","429430"
"2019-01-09T11:57:30.604Z","429438"
"2019-01-09T11:58:30.606Z","429442"
"2019-01-09T11:59:30.644Z","429453"
"2019-01-09T12:00:30.642Z","429472"
"2019-01-09T12:01:30.621Z","429483"
"2019-01-09T12:02:30.628Z","429496"
"2019-01-09T12:03:30.630Z","429503"
"2019-01-09T12:04:30.634Z","429518"
"2019-01-09T12:05:30.641Z","429528"
"2019-01-09T12:06:30.653Z","429539"
"2019-01-09T12:07:30.655Z","429551"
"2019-01-09T12:08:30.683Z","429569"
"2019-01-09T12:09:30.656Z","429585"
"2019-01-09T12:10:30.701Z","429601"
"2019-01-09T12:11:30.667Z","429612"
"2019-01-09T12:12:30.697Z","429624"
"2019-01-09T12:13:30.702Z","429642"
"2019-01-09T12:14:30.685Z","429661"
"2019-01-09T12:15:30.709Z","429670"
"2019-01-09T12:16:30.722Z","429682"
"2019-01-09T12:17:30.697Z","429696"
"2019-01-09T12:18:30.731Z","429707"
"2019-01-09T12:19:30.727Z","429718"
"2019-01-09T12:20:30.737Z","429729"
"2019-01-09T12:21:30.740Z","429739"
"2019-01-09T12:22:30.718Z","429751"
"2019-01-09T12:23:30.750Z","429768"
"2019-01-09T12:24:30.758Z","429781"
"2019-01-09T12:25:30.735Z","429798"
"2019-01-09T12:26:30.756Z","429816"
"2019-01-09T12:27:30.767Z","429827"
"2019-01-09T12:28:30.771Z","429840"
"2019-01-09T12:29:30.755Z","429854"
"2019-01-09T12:30:30.775Z","429863"
"2019-01-09T12:31:30.771Z","429875"
"2019-01-09T12:32:30.770Z","429886"
"2019-01-09T12:33:30.793Z","429893"
"2019-01-09T12:34:30.767Z","429909"
"2019-01-09T12:35:30.774Z","429932"
"2019-01-09T12:36:30.779Z","429939"
"2019-01-09T12:37:30.800Z","429956"
"2019-01-09T12:38:30.786Z","429968"
"2019-01-09T12:39:30.783Z","429978"
"2019-01-09T12:40:30.798Z","429989"
"2019-01-09T12:41:30.806Z","430004"
"2019-01-09T12:42:30.822Z","430013"
"2019-01-09T12:43:30.799Z","430022"
"2019-01-09T12:44:30.801Z","430036"
"2019-01-09T12:45:30.831Z","430050"
"2019-01-09T12:46:30.819Z","430065"
"2019-01-09T12:47:30.834Z","430077"
"2019-01-09T12:48:30.820Z","430088"
"2019-01-09T12:49:30.855Z","430102"
"2019-01-09T12:50:30.842Z","430116"
"2019-01-09T12:51:30.859Z","430131"
"2019-01-09T12:52:30.939Z","430147"
"2019-01-09T12:53:30.836Z","430162"
"2019-01-09T12:54:30.838Z","430169"
"2019-01-09T12:55:30.876Z","430177"
"2019-01-09T12:56:30.847Z","430193"
"2019-01-09T12:57:30.846Z","430207"
"2019-01-09T12:58:30.884Z","430221"
"2019-01-09T12:59:30.870Z","430237"
"2019-01-09T13:00:30.853Z","430248"
"2019-01-09T13:01:30.861Z","430255"
"2019-01-09T13:02:30.857Z","430264"
"2019-01-09T13:03:30.862Z","430277"
"2019-01-09T13:04:30.926Z","430294"
"2019-01-09T13:05:30.897Z","430306"
"2019-01-09T13:06:30.867Z","430317"
"2019-01-09T13:07:30.869Z","430328"
"2019-01-09T13:08:30.876Z","430341"
"2019-01-09T13:09:30.908Z","430351"
"2019-01-09T13:10:30.882Z","430366"
"2019-01-09T13:11:30.920Z","430380"
"2019-01-09T13:12:30.924Z","430394"
"2019-01-09T13:13:30.886Z","430410"
"2019-01-09T13:14:30.891Z","430421"
"2019-01-09T13:15:30.919Z","430437"
"2019-01-09T13:16:30.928Z","430448"
"2019-01-09T13:17:30.893Z","430462"
"2019-01-09T13:18:30.895Z","430474"
"2019-01-09T13:19:30.902Z","430494"
"2019-01-09T13:20:30.902Z","430506"
"2019-01-09T13:21:30.904Z","430526"
"2019-01-09T13:22:30.907Z","430542"
"2019-01-09T13:23:30.927Z","430551"
"2019-01-09T13:24:30.942Z","430564"
"2019-01-09T13:25:30.909Z","430579"
"2019-01-09T13:26:30.909Z","430588"
"2019-01-09T13:27:30.943Z","430597"
"2019-01-09T13:28:30.912Z","430611"
"2019-01-09T13:29:30.920Z","430624"
"2019-01-09T13:30:30.919Z","430638"
"2019-01-09T13:31:30.918Z","430647"
"2019-01-09T13:32:30.919Z","430660"
"2019-01-09T13:33:30.916Z","430670"
"2019-01-09T13:34:30.951Z","430679"
"2019-01-09T13:35:30.927Z","430690"
"2019-01-09T13:36:30.964Z","430697"
"2019-01-09T13:37:31.010Z","430706"
"2019-01-09T13:38:30.962Z","430722"
"2019-01-09T13:39:30.979Z","430736"
"2019-01-09T13:40:30.945Z","430748"
"2019-01-09T13:41:30.968Z","430760"
"2019-01-09T13:42:30.956Z","430769"
"2019-01-09T13:43:30.990Z","430784"
"2019-01-09T13:44:30.963Z","430801"
"2019-01-09T13:45:30.968Z","430817"
"2019-01-09T13:46:31.017Z","430824"
"2019-01-09T13:47:31.024Z","430843"
"2019-01-09T13:48:31.017Z","430855"
"2019-01-09T13:49:30.997Z","430870"
"2019-01-09T13:50:30.997Z","430886"
"2019-01-09T13:51:31.009Z","430894"
"2019-01-09T13:52:31.028Z","430904"
"2019-01-09T13:53:31.019Z","430920"
"2019-01-09T13:54:31.026Z","430936"
"2019-01-09T13:55:31.022Z","430947"
"2019-01-09T13:56:31.033Z","430960"
"2019-01-09T13:57:31.080Z","430971"
"2019-01-09T13:58:31.084Z","430983"
"2019-01-09T13:59:31.040Z","430998"
"2019-01-09T14:00:31.088Z","431010"
"2019-01-09T14:01:31.061Z","431017"
"2019-01-09T14:02:31.059Z","431031"
"2019-01-09T14:03:31.062Z","431048"
"2019-01-09T14:04:31.091Z","431055"
"2019-01-09T14:05:31.073Z","431068"
"2019-01-09T14:06:31.084Z","431081"
"2019-01-09T14:07:31.101Z","431096"
"2019-01-09T14:08:31.098Z","431107"
"2019-01-09T14:09:31.089Z","431118"
"2019-01-09T14:10:31.124Z","431132"
"2019-01-09T14:11:31.136Z","431142"
"2019-01-09T14:12:31.143Z","431156"
"2019-01-09T14:13:31.134Z","431171"
"2019-01-09T14:14:31.142Z","431182"
"2019-01-09T14:15:31.149Z","431193"
"2019-01-09T14:16:31.150Z","431208"
"2019-01-09T14:17:31.136Z","431219"
"2019-01-09T14:18:31.151Z","431229"
"2019-01-09T14:19:31.140Z","431234"
"2019-01-09T14:20:31.167Z","431249"
"2019-01-09T14:21:31.147Z","431260"
"2019-01-09T14:22:31.173Z","431273"
"2019-01-09T14:23:31.151Z","431288"
"2019-01-09T14:24:31.187Z","431298"
"2019-01-09T14:25:31.186Z","431307"
"2019-01-09T14:26:31.207Z","431322"
"2019-01-09T14:27:31.195Z","431338"
"2019-01-09T14:28:31.172Z","431350"
"2019-01-09T14:29:31.179Z","431364"
"2019-01-09T14:30:31.184Z","431381"
"2019-01-09T14:31:31.215Z","431393"
"2019-01-09T14:32:31.214Z","431407"
"2019-01-09T14:33:31.199Z","431422"
"2019-01-09T14:34:31.231Z","431434"
"2019-01-09T14:35:31.210Z","431441"
"2019-01-09T14:36:31.209Z","431458"
"2019-01-09T14:37:31.229Z","431474"
"2019-01-09T14:38:31.219Z","431489"
"2019-01-09T14:39:31.259Z","431503"
"2019-01-09T14:40:31.232Z","431516"
"2019-01-09T14:41:31.226Z","431530"
"2019-01-09T14:42:31.256Z","431543"
"2019-01-09T14:43:31.263Z","431549"
"2019-01-09T14:44:31.235Z","431565"
"2019-01-09T14:45:31.245Z","431578"
"2019-01-09T14:46:31.255Z","431594"
"2019-01-09T14:47:31.284Z","431604"
"2019-01-09T14:48:31.259Z","431617"
"2019-01-09T14:49:31.259Z","431627"
"2019-01-09T14:50:31.289Z","431640"
"2019-01-09T14:51:31.305Z","431649"
"2019-01-09T14:52:31.273Z","431659"
"2019-01-09T14:53:31.276Z","431673"
"2019-01-09T14:54:31.279Z","431687"
"2019-01-09T14:55:31.280Z","431699"
"2019-01-09T14:56:31.284Z","431714"
"2019-01-09T14:57:31.316Z","431728"
"2019-01-09T14:58:31.288Z","431739"
"2019-01-09T14:59:31.308Z","431753"
"2019-01-09T15:00:31.310Z","431769"
"2019-01-09T15:01:31.301Z","431780"
"2019-01-09T15:02:31.305Z","431792"
"2019-01-09T15:03:31.308Z","431811"
"2019-01-09T15:04:31.305Z","431824"
"2019-01-09T15:05:31.344Z","431835"
"2019-01-09T15:06:31.332Z","431848"
"2019-01-09T15:07:31.315Z","431861"
"2019-01-09T15:08:31.319Z","431871"
"2019-01-09T15:09:31.323Z","431878"
"2019-01-09T15:10:31.316Z","431885"
"2019-01-09T15:11:31.346Z","431897"
"2019-01-09T15:12:31.322Z","431901"
"2019-01-09T15:13:31.420Z","431911"
"2019-01-09T15:14:31.352Z","431920"
"2019-01-09T15:15:31.332Z","431930"
"2019-01-09T15:16:31.353Z","431947"
"2019-01-09T15:17:31.367Z","431954"
"2019-01-09T15:18:31.335Z","431963"
"2019-01-09T15:19:31.368Z","431973"
"2019-01-09T15:20:31.363Z","431989"
"2019-01-09T15:21:31.349Z","432000"
"2019-01-09T15:22:31.344Z","432013"
"2019-01-09T15:23:31.358Z","432027"
"2019-01-09T15:24:31.346Z","432040"
"2019-01-09T15:25:31.371Z","432061"
"2019-01-09T15:26:31.374Z","432077"
"2019-01-09T15:27:31.379Z","432090"
"2019-01-09T15:28:31.385Z","432112"
"2019-01-09T15:29:31.381Z","432129"
"2019-01-09T15:30:31.364Z","432142"
"2019-01-09T15:31:31.435Z","432159"
"2019-01-09T15:32:31.379Z","432169"
"2019-01-09T15:33:31.405Z","432179"
"2019-01-09T15:34:31.416Z","432194"
"2019-01-09T15:35:31.402Z","432209"
"2019-01-09T15:36:31.407Z","432223"
"2019-01-09T15:37:31.412Z","432242"
"2019-01-09T15:38:31.414Z","432253"
"2019-01-09T15:39:31.427Z","432266"
"2019-01-09T15:40:31.432Z","432284"
"2019-01-09T15:41:31.433Z","432298"
"2019-01-09T15:42:31.452Z","432311"
"2019-01-09T15:43:31.519Z","432320"
"2019-01-09T15:44:31.450Z","432336"
"2019-01-09T15:45:31.508Z","432350"
"2019-01-09T15:46:31.486Z","432361"
"2019-01-09T15:47:31.464Z","432374"
"2019-01-09T15:48:31.470Z","432389"
"2019-01-09T15:49:31.478Z","432393"
"2019-01-09T15:50:31.506Z","432408"
"2019-01-09T15:51:31.487Z","432416"
"2019-01-09T15:52:31.490Z","432426"
"2019-01-09T15:53:31.494Z","432442"
"2019-01-09T15:54:31.528Z","432456"
"2019-01-09T15:55:31.511Z","432468"
"2019-01-09T15:56:31.509Z","432475"
"2019-01-09T15:57:31.514Z","432489"
"2019-01-09T15:58:31.526Z","432502"
"2019-01-09T15:59:31.533Z","432516"
"2019-01-09T16:00:31.554Z","432522"
"2019-01-09T16:01:31.576Z","432534"
"2019-01-09T16:02:31.615Z","432544"
"2019-01-09T16:03:31.554Z","432559"
"2019-01-09T16:04:31.616Z","432569"
"2019-01-09T16:05:31.590Z","432580"
"2019-01-09T16:06:31.565Z","432589"
